{
  "timestamp": "2025-08-13T13:57:52Z",
  "n_train": 767600,
  "n_test": 191900,
  "mae": 32313.007600747213,
  "r2": 0.9289699966850402
}